"id","hadith_id","source","tradition","volume","chapter_no","hadith_no","chapter","category","chain_indx","text_ar","text_en","sanad","matn_en","grade_tradition","grade_source","grade_value","gradings_full","url","page_ref"
"rida_0001","1","Sahifat al-Imam Ali al-Rida","Zaydi","1","1","1","الباب الاول في الذكر ولما كانت هذه الاحاديث المسلسة كل راو يروي عن","الباب الاول في الذكر ولما كانت هذه الاحاديث المسلسة كل راو يروي عن","","شيخه، وجاء السند من الدين ولو لا السند لقال من شاء ما شاء كان في صدرها سند كل راو إلى النبي صلى الله عليه وآله وكان في الاصل السند مسلسل كل راو يروي عن شيخه ويكتب اسمه واسم شيخه إلى آخره، ولما كان كل راو يحتاج إلى كتب اسمه واسم شيخه الذي يسمع عليه الكتاب ذكرت هنا الإمام القاسم بن محمد عليه السلام وهذا أغلب سند المشايخ يصل إليه ومن تحته من السند كل راو يكتب اسمع مع اسم شيخه في ظاهر الكتاب كما كان يكتب في النسخ الخطية ومتى صل إلى الإمام القاسم فهو مصدر هنا فأقول أروي هذه الصحيفة بالسند الصحيح المتصل إلى الإمام القاسم بن محمد عليه السلام عن شيخه السيد امير الدين بن عبد الله عن السيد احمد ابن عبد الله الوزير عن الإمام شرف الدين عن شيخه السيد إبراهيم بن محمد الوزير عن الإمام المطهر بن محمد بن سليمان عن الإمام المهدي احمد ابن يحيى عن سلمان بن إبراهيم بن عمر العلوي عن ابيه إبراهيم عن رضاء الدين إبراهيم بن محمد الطبري عن الإمام نجيم الدين التبريزي عن الحافظ ابن عساكر عن زاهر السنحاني عن الحافظ البيقهي عن أبي القسم المفسر عن إبراهيم بن جعدة عن أبي القسم عبد الله بن احمد بن عامر الطائي بالبصرة قال: قال حدثني أبي سنة مائتين وستين، قال حدثني علي بن موسى الرضى عليه السلام سنة مائة واربع وتسعين، قال حدثني ابي","","","","Zaydi","","","","","V01P439"
"rida_0002","2","Sahifat al-Imam Ali al-Rida","Zaydi","1","1","2","الباب الاول في الذكر ولما كانت هذه الاحاديث المسلسة كل راو يروي عن","الباب الاول في الذكر ولما كانت هذه الاحاديث المسلسة كل راو يروي عن","","موسى بن جعفر، قال حدثني أبي جعفر بن محمد، قال حدثني أبي محمد بن علي، قال حدثني أبي علي بن الحسين، قال حدثني أبي الحسين ابن علي، قال حدثني أبي عن علي بن أبي طالب سلام الله عليهم أجمعين آمين إلى يوم الدين قال: قال رسول الله صلى الله عليه وآله يقول الله تعالى لا إله إلا الله حصني، فمن دخل حصني أمن من عذابي","","","","Zaydi","","","","","V01P440"
"rida_0003","3","Sahifat al-Imam Ali al-Rida","Zaydi","1","1","3","الباب الاول في الذكر ولما كانت هذه الاحاديث المسلسة كل راو يروي عن","الباب الاول في الذكر ولما كانت هذه الاحاديث المسلسة كل راو يروي عن","","وباسناده المذكور قال: قال رسول الله صلى الله عليه وآله ان الله عزوجل عمودا من ياقوت احمر رأسه تحت العرش وأسفله على ظهر الحوت في الارض السابعة السفلى فإذا قال العبد لا إله إلا الله اهتز العرش وتحرك العمود وتحرك الحوت، فيقول الله تعالى اسكن عرشي، فيقول كيف اسكن وانت لم تغفر لقائلها، فيقول الله عزوجل اشهدوا سكان سمواتي اني قد غفرت لقائلها.","","","","Zaydi","","","","","V01P441"
"rida_0004","4","Sahifat al-Imam Ali al-Rida","Zaydi","1","1","4","الباب الاول في الذكر ولما كانت هذه الاحاديث المسلسة كل راو يروي عن","الباب الاول في الذكر ولما كانت هذه الاحاديث المسلسة كل راو يروي عن","","وباسناده قال: قال رسول الله صلى الله عليه وآله من قال حين يدخل السوق سبحان الله والحمد لله ولا إله إلا الله وحده لا شريك له، له الملك وله الحمد يحيى ويميت وهو حي لا يموت بيده الخير وهو على كل شئ قدير أعطي من الاجر بعدد ما خلق الله إلى يوم القيامة. وباسناده قال: قال رسول الله صلى الله عليه وآله من أنعم الله عليه بنعمة فليحمد الله عليها ومن استبطأ الرزق فليستغفر الله ومن أحزنه أمر فليقل لا حول ولا قوة الا بالله العلي العظيم. وباسناده قال: حدثني علي بن الحسين عليه السلام ان يهوديا سأل علي بن أبي طالب قال: اخبرني عما ليس لله وعما ليس عند الله وعما لا يعلمه الله، فقال علي كرم الله وجهه اما ما لا يعلمه الله فذلك قولكم يا معشر اليهود عزير بن الله والله لا يعلم له ولدا واما ما ليس عند الله فليس عند الله ظلم للعبيد، واما ما ليس لله فليس لله شريك، قال اليهوي وانا أشهد أن لا إله إلا الله وان محمدا رسول الله.","","","","Zaydi","","","","","V01P442"
"rida_0005","5","Sahifat al-Imam Ali al-Rida","Zaydi","1","1","5","الباب الاول في الذكر ولما كانت هذه الاحاديث المسلسة كل راو يروي عن","الباب الاول في الذكر ولما كانت هذه الاحاديث المسلسة كل راو يروي عن","","وباسناده قال: قال رسول الله صلى الله عليه وآله الايمان اقرار باللسان ومعرفة بالقلب وعمل بالاركان. وباسناده قال: قال رسول الله صلى الله عليه وآله يقول الله ما من مخلوق يعتصم بمخلوق دوني الا قطعت أسباب السموات والارض من دونه فان سألني لم أعطه وان دعاني لم أجبه وما من مخلوق يعتصم بي من دون خلقي الا ضمنت السموات والارض برزقه فان سألني أعطيته وإن دعاني أجبته وان استغفرني غفرت له. وباسناده قال: قال رسول الله صلى الله عليه وآله أفضل الاعمال عند الله ايمان لاشك فيه وغزو لا غلول فيه وحج مبرور واول من يدخل الجنة شهيد وعبد مملوك أحسن عبادة ربه ونصح لسيده ورجل عفيف متعفف ذو عيال وأول من يدخل النار امام مسلط لم يعدل وذو ثروة من المال لم يقض حقه وفقير فخور . وباسناده قال: قال رسول الله صلى الله عليه وآله من حفظ على امتي اربعين حديثا ينتفعون بها بعثه الله يوم القيامة فقيها عالما.","","","","Zaydi","","","","","V01P443"
"rida_0006","6","Sahifat al-Imam Ali al-Rida","Zaydi","1","1","6","الباب الاول في الذكر ولما كانت هذه الاحاديث المسلسة كل راو يروي عن","الباب الاول في الذكر ولما كانت هذه الاحاديث المسلسة كل راو يروي عن","","وباسناده قال: قال رسول الله صلى الله عليه وآله من افتى الناس بغير علم لعنته السموات والارض. وباسناده قال: قال رسول الله صلى الله عليه وآله التوكل والتوحيد نصف الدين واستنزلوا الرزق من عند الله بالصدقة. وباسناده قال: قال رسول اله صلى الله عليه وآله ان موسى بن عمران سأل ربه فرفع يديه فقال بعيد أنت يا رب فأناديك ام قريب فأناجيك فأوحى الله إليه يا موسى أنا جليس من ذكرني.","","","","Zaydi","","","","","V01P444"
"rida_0007","7","Sahifat al-Imam Ali al-Rida","Zaydi","1","1","7","الباب الاول في الذكر ولما كانت هذه الاحاديث المسلسة كل راو يروي عن","الباب الاول في الذكر ولما كانت هذه الاحاديث المسلسة كل راو يروي عن","","وباسناده قال: قال رسول الله صلى الله عليه وآله ستة من المروءة ثلاثة منها في الحضر وثلاثة في السفر، أما التي في الحضر فتلاوة القرآن وعمارة المساجد واتخاذ الاخوان في الله، وأما التي في السفر فبذل الزاد وحسن الخلق والمزاح في غير معاصي الله تعالى. وباسناده قال: قال رسول الله صلى الله عليه وآله اللهم ارحم خلفائي ثلاث مرات قيل يارسول الله من خلفاؤك، قال الذين يأتون من بعدي ويروون أحاديثي وسنتي ويعلمونها الناس من بعدي، وباسناده قال: قال رسول الله صلى الله عليه وآله ان هذا العلم خزائن الله ومفاتيحه السؤال فاسألوا يرحمكم الله فانه يؤجر فيه اربعة: السائل والمعلم والمستمع والمحب له. وباسناده قال: حدثني أبي محمد بن علي عليهم السلام قال: قال","","","","Zaydi","","","","","V01P445"
"rida_0008","8","Sahifat al-Imam Ali al-Rida","Zaydi","1","1","8","الباب الاول في الذكر ولما كانت هذه الاحاديث المسلسة كل راو يروي عن","الباب الاول في الذكر ولما كانت هذه الاحاديث المسلسة كل راو يروي عن","","وباسناده قال: قال رسول الله صلى الله عليه وآله ستة من المروءة ثلاثة منها في الحضر وثلاثة في السفر، أما التي في الحضر فتلاوة القرآن وعمارة المساجد واتخاذ الاخوان في الله، وأما التي في السفر فبذل الزاد وحسن الخلق والمزاح في غير معاصي الله تعالي. وباسناده قال: قال رسول الله صلى الله عليه وآله اللهم ارحم خلفائي ثلاث مرات قيل يارسول الله من خلفاؤك، قال الذين يأتون من بعدي ويروون أحاديثي وسنتي ويعلمونها الناس من بعدي. وباسناده قال: قال رسول الله صلى الله عليه وآله ان هذا العلم خزائن الله ومفاتيحه السؤال فاسألوا يرحمكم الله فانه يؤجر فيه اربعة: السائل والمعلم والمستمع والمحب له. وباسناده قال: حدثني أبي محمد بن علي عليهم السلام قال: قال عليه السلام خمسة لو دخلتم فيهن ما قدرتم على مثلهن، لا يخاف عبد الا ذنبه ولا يرجو الا ربه ولا يستحيي الجاهل إذا سئل عما لم يعلم ان يقول الله ورسوله أعلم ولا يستحيى الذي لا يعلم ان يتعلم والصبر من الايمان بمنزلة الرأس من الجسد ولا ايمان لمن لا صبر له. وباسناده قال: حدثني الحسين بن علي عليهما السلام قال: وجد لوح تحت حائط مدينة من المدائن مكتوب فيه انا الله لا إله الا انا ومحمد نبيي عجبت لمن أيقن بالموت كيف يفرح وعجبت لمن أيقن بالقدر كيف يحزن وعجبت لمن اختبر بالدنيا كيف يطمئن إليها وعجبت لمن أيقن بالحساب كيف يذنب. وباسناده قال: قال رسول الله صلى الله عليه وآله من قرأ إذا زلزلت الارض اربع مرات كان كمن قرأ القرآن كله.","","","","Zaydi","","","","","V01P447"
"rida_0009","9","Sahifat al-Imam Ali al-Rida","Zaydi","1","1","9","الباب الاول في الذكر ولما كانت هذه الاحاديث المسلسة كل راو يروي عن","الباب الاول في الذكر ولما كانت هذه الاحاديث المسلسة كل راو يروي عن","","وباسناده قال: قال رسول الله صلى الله عليه وآله أتاني ملك فقال يا محمد ان ربك يقرئك السلام ويقول لك ان شئت جعلت لك بطحاء مكة ذهبا قال فرفع رأسه إلى السماء فقال يا رب اشبع يوما فأحمدك وأجوع يوما فأسألك. الباب الثاني في الاذان وباسناده قال: قال امير المؤمنين علي بن ابى طالب عليه السلام لما بدأ رسول الله صلى الله عليه وآله بتعليم الاذان أتى جبريل بالبراق فاستصعب عليه ثم أتاه بدابة يقال لها براقة فاستصعبت عليه، فقال لها جبريل اسكني براقة فما ركبك أحد أكرم على الله منه فسكنت، فقال رسول الله صلى الله عليه وآله فركبتها حتى انتهت إلى الحجاب الذي يلي الرحمن تبارك وتعالى فخرج ملك من وراء الحجاب، فقال الله أكبر الله أكبر، قال فقلت يا جبريل ومن هذا الملك، قال والذي أكرمك بالنبوءة ما رأيت هذا الملك قبل ساعتي هذه، فقال الله أكبر الله أكبر فنودي من وراء الحجاب صدق عبدي أنا أكبر أنا أكبر، قال رسول الله صلى الله عليه وآله فقال الملك أشهد ان لا إله إلا الله أشهد ان لا إله إلا الله، فنودي من وراء الحجاب صدق عبدي انا الله لا إله إلا انا، قال رسول الله صلى الله عليه وآله فقال الملك أشهد ان محمدا رسول الله أشهد ان محمدا رسول الله، فنودي من وراء الحجاب صدق عبدي انا أرسلت محمدا رسولا، قال رسول الله صلى الله عليه وآله فقال الملك حي على الصلاة حي على الصلاة، فنودي من وراء الحجاب صدق عبدي ودعا إلى عبادتي، قال رسول الله صلى الله عليه وآله فقال الملك حي على الفلاح حي على الفلاح، فنودي من وراء الحجاب صدق عبدي ودعا إلى عبادتي قد أفلح من واظب عليها، قال رسول الله صلى الله عليه وآله أكمل الله لي الشرف على الاولين والآخرين. الباب الثالث في الحث على الصلوات الخمس وصفة صلاة الجنازة وباسناده قال: قال رسول الله صلى الله عليه وآله لا يزال الشيطان ذاعرا من ابن آدم ما حافظ على الصلوات الخمس فإذا ضيعهن تجرأ عليه وأوقعه في العظائم. وباسناده قال: قال رسول الله صلى الله عليه وآله من أدى فريضة فله عند الله دعوة مستجابة. وباسناده قال: قال رسول الله صلى الله عليه وآله لا تزال أمتي بخير ما تحابوا وأدوا الامانة واجتنبوا الحرام وأقروا الضيف وأقاموا الصلاة وآتوا الزكاة فان لم يفعلوا ذلك ابتلوا بالسنين والقحط. وباسناده قال: قال رسول الله صلى الله عليه وآله إذا لم يستطع الرجل ان يصلي قائما صلى جالسا فان لم يستطع ان يصلي جالسا فليصل مستلقيا على قفاه رجليه حيال القبلة يومئ ايماء.","","","","Zaydi","","","","","V01P450"
"rida_0010","10","Sahifat al-Imam Ali al-Rida","Zaydi","1","1","10","الباب الاول في الذكر ولما كانت هذه الاحاديث المسلسة كل راو يروي عن","الباب الاول في الذكر ولما كانت هذه الاحاديث المسلسة كل راو يروي عن","","وباسناده قال: قال رسول الله صلى الله عليه وآله حافظوا على الصلوات الخمس فان الله عزوجل إذا كان يوم القيامة يدعو العبد فأول شئ يسأل عنه الصلاة فإذا جاء بها تامة والا زج في النار. وباسناده قال: قال رسول الله صلى الله عليه وآله لاصحابه لا تضيعوا صلاتكم فان من ضيع صلاته حشر مع قارون وفرعون وهامان وكان حقا على الله ان يدخله النار مع المنافقين والويل لمن لم يحافظ على صلاته واداء سنة نبيه. وباسناده قال علي صلوات الله عليه: صلى بنا رسول الله صلى الله عليه وآله صلاة السفر فقرأ في الاولى الحمد قل يا ايها الكافرون وفي الاخرى الحمد وقل هو الله أحد ثم قال قرأت لكم ثلث القرآن وربعه. وباسناد قال: سئل محمد بن علي عليه السلام عن الصلاة فزعم ان أباه كان يقصر الصلاة في السفر.","","","","Zaydi","","","","","V01P451"
"rida_0011","11","Sahifat al-Imam Ali al-Rida","Zaydi","1","1","11","الباب الاول في الذكر ولما كانت هذه الاحاديث المسلسة كل راو يروي عن","الباب الاول في الذكر ولما كانت هذه الاحاديث المسلسة كل راو يروي عن","","وباسناده قال: رأيت النبي صلى الله عليه وآله كبر على عمه الحمزة عليه السلام خمس تكبيرات وكبر على الشهداء بعده خمس تكبيرات فلحق بحمزة سبعون تكبيرة ووضع يده اليمنى على اليسرى. وباسناده قال: قال رسول الله صلى الله عليه وآله يا علي إذا صليت على جنازة فقل اللهم ان هذا عبدك وابن امتك ماض فيه حكمك ولم يكن شيئا مذكورا زارك وانت خير مزور، اللهم لقنه حجته والحقه بنبيك ونور له في قبره ووسع عليه في مدخله وثبته بالقول الثابت فانه افتقر اليك واستغنيت عنه وكان يشهد ان لا إله إلا أنت فاغفر له، اللهم لا تحرمنا أجره ولا تفتنا بعده. يا علي إذا صليت على امرأة فقل اللهم انت خلقتها وانت أحييتها وانت أمتها وانت أعلم بسرها وعلانيتها جئناك شفعاء لها فاغفر لها، اللهم لا تحرمنا أجرها ولا تفتنا بعدها. يا علي، إذا صليت على طفل فقل اللهم اجعله لابويه سلفا وذخرا وجعله فرطا واجعله لهما نورا ورشدا واعقب والديه الجنة انك على كل شئ قدير. الباب الرابع في فضل أهل البيت وهو ثلاثة أقسام القسم الاول في فضل علي بن أبي طالب كرم الله وجهه: وباسناده قال: قال رسول الله صلى الله عليه وآله يا علي، أنا سيد المرسلين وانت يعسوب المؤمنين وامام المتقين وقائد الغر المحجلين، قال أبو القاسم الطائي سألت احمد بن يحيى عن اليعسوب قال: الذكر من النحل الذي يتقدمها ويحامي عليها. وباسناده قال: قال رسول الله صلى الله عليه وآله لما اسري بي إلى السماء أخذ جبريل بيدي وأقعدني على درنوك من درانيك الجنة ثم ناولني سفرجلة منها فبينا كنت أقلبها إذ تفلقت فخرج منها جارية حوراء لم أر أحسن منها، فقالت السلام عليك يا محمد، قلت من انت، قالت الراضية المرضية خلقني الجبار من ثلاثة أصناف، أسفلي من مسك ووسطي من كافور واعلائي من عنبر فعجنني من ماء الحيوان ثم قال لي الجبار كوني فكنت لاخيك وابن عمك علي بن أبي طالب. وباسناده قال: قال رسول الله صلى الله عليه وآله يا علي، اني سألت ربي فيك خمس خصال فأعطاني، أما أولهن فسألت ربي ان تنشق عني الارض وانفض التراب عن رأسي وانت معي فأعطاني، وأما الثانية فسألت ربي ان يوقفني عند كفة الميزان وانت معي فأعطاني، وأما الثالثة فسألت ربي أن يجعلك حامل اللواء وهو لواء الله الاكبر تحته المفلحون الفائزون في الجنة فأعطاني، وأما الرابعة فسألت ربي ان تسقي أمتي من حوضي فأعطاني، وأما الخامسة فأسلت ربي أن يجعلك قائد أمتي إلى الجنة فأعطاني ربي والحمد لله الذي من علي بذلك.","","","","Zaydi","","","","","V01P454"
"rida_0012","12","Sahifat al-Imam Ali al-Rida","Zaydi","1","1","12","الباب الاول في الذكر ولما كانت هذه الاحاديث المسلسة كل راو يروي عن","الباب الاول في الذكر ولما كانت هذه الاحاديث المسلسة كل راو يروي عن","","وباسناده قال: قال رسول الله صلى الله عليه وآله يا علي، إذا كان يوم القيامة أخذت بحجزة الله وأخذت انت بحجزتي وأخذ ولدك بحجزتك وأخذت شيعة ولدك بحجزهم فترى اين يؤم بنا، قال أبو القاسم الطائي سألت أبا العباس بن ثعلب عن الحجزة، قال هي السبب وسألت ابن نفطويه النحوي عن ذلك فقال هي السبب . وباسناده قال: قال رسول الله صلى الله عليه وآله يا علي، انك قسيم النار والجنة وانك تقرع باب الجنة فتدخلها بلا حساب. وباسناده قال: قال رسول الله صلى الله عليه وآله يا علي، إذا كان يوم القيامة كنت انت وولدك على خيل بلق متوجون بالدر والياقوت فيأمر الله بكم إلى الجنة والناس ينظرون. وباسناده قال: قال رسول الله صلى الله عليه وآله إذا كان يوم القيامة نوديت من بطنان العرش نعم الاب، ابوك إبراهيم، ونعم الاخ اخوك علي بن أبي طالب. وباسناده قال: قال رسول الله صلى الله عليه وآله ان الله أمرني بحب أربعة علي وسلمان وابي ذر والمقداد بن الاسود. وباسناده قال: قال رسول الله صلى الله عليه وآله يا علي، ان الله قد غفر لك ولذريتك ولشيعتك والمحبي شيعتك والمحبي محبي شيعتك فابشر فانك الانزع البطين منزوع من الشرك مبطون من العلم.","","","","Zaydi","","","","","V01P456"
"rida_0013","13","Sahifat al-Imam Ali al-Rida","Zaydi","1","1","13","الباب الاول في الذكر ولما كانت هذه الاحاديث المسلسة كل راو يروي عن","الباب الاول في الذكر ولما كانت هذه الاحاديث المسلسة كل راو يروي عن","","وباسناده قال: قال رسول الله صلى الله عليه وآله من كنت مولاه فعلي مولاه اللهم وال من والاه وعاد من عاداه واخذل من خذله وانصر من نصره. وباسناده قال: حدثني علي بن أبي طالب عليه السلام قال: ورثت عن رسول الله صلى الله عليه وآله كتابين كتاب الله تعالى وكتابا في قراب سيفي، قيل يا امير المؤمنين وما الكتاب في قراب سيفك، قال من قتل غير قاتله أو ضرب غير ضاربه فعليه لعنة الله. وباسناده قال: قال رسول الله صلى الله عليه وآله يا علي لولاك ما عرف المؤمنون بعدي.","","","","Zaydi","","","","","V01P457"
"rida_0014","14","Sahifat al-Imam Ali al-Rida","Zaydi","1","1","14","الباب الاول في الذكر ولما كانت هذه الاحاديث المسلسة كل راو يروي عن","الباب الاول في الذكر ولما كانت هذه الاحاديث المسلسة كل راو يروي عن","","وباسناده قال: قال رسول الله صلى الله عليه وآله يا علي انك أعطيت ثلاثا ما اعطيت أنا مثلهن، قلت فداك أبي وامي ما اعطيت، قال صلى الله عليه وآله اعطيت صهرا مثلي واعطيت مثل زوجتك فاطمة واعطيت مثل ولديك الحسن والحسين. وباسناده قال: قال رسول الله صلى الله عليه وآله يا علي ليس في القيامة راكب غيرنا ونحن أربعة، فقام إليه رجل من الانصار، فقال له يارسول الله من هم، فقال أنا على دابة البراق وأخي صالح على ناقة الله تعالى التي عقرت وعمي حمزة على ناقتي العضبا وأخي علي بن أبي طالب على ناقة من نوق الجنة وبيده لواء الحمد ينادي لا إله إلا الله محمد رسول الله صلى الله عليه وآله فيقول الآدميون ما هذا الا ملك مقرب أو نبي مرسل أو حامل عرش فيجيبهم ملك من بطنان العرش يا معشر الآدميين ليس ملك مقرب ولا نبي مرسل ولا حامل عرش هذا علي بن أبي طالب. وباسناده قال: قال علي عليه السلام من أحبني وجدني عند مماته بحيث ما يحب ومن أبغضني وجدني عند مماته بحيث يكره. القسم الثاني في فضل فاطمة رضي الله عنها. وباسناده قال: قال رسول الله صلى الله عليه وآله انما سميت ابنتي فاطمة لان الله تعالى فطمها وفطم من أحبها من النار. وباسناده قال: قال رسول الله صلى الله عليه وآله ان الله يغضب لغضب فاطمة ويرضى لرضاها.","","","","Zaydi","","","","","V01P459"
"rida_0015","15","Sahifat al-Imam Ali al-Rida","Zaydi","1","1","15","الباب الاول في الذكر ولما كانت هذه الاحاديث المسلسة كل راو يروي عن","الباب الاول في الذكر ولما كانت هذه الاحاديث المسلسة كل راو يروي عن","","وباسناده قال: قال رسول الله صلى الله عليه وآله تحشر ابنتي فاطمة يوم القيامة ومعها ثياب مصبوغة بدم الحسين فتعلق بقائمة من قوائم العرش فتقول يا رب احكم بيني وبين قاتل ولدي، قال رسول الله صلى الله عليه وآله فيحكم لابنتي ورب الكعبة. وباسناده قال: قال رسول الله صلى الله عليه وآله تحشر ابنتي فاطمة وعليها حلة الكرامة قد عجنت بماء الحياة فينظر إليها الخلائق فيتعجبون منها ثم تكسا ايضا حلتين من حلل الجنة مكتوب على كل حلة بخط أخضر أدخلوا بنت محمد الجنة مكتوبا على أحسن الصورة وأحسن الكرامة وأحسن المنظر فتزف إلى الجنة كما تزف العروس ويوكل بها سبعون الف جارية. وباسناده قال: قال رسول الله صلى الله عليه وآله إذا كان يوم القيامة نادى مناد من بطنان العرش يا معشر الخلائق غضوا أبصاركم حتى تجوز فاطمة بنت محمد صلى الله عليه وآله.","","","","Zaydi","","","","","V01P460"
"rida_0016","16","Sahifat al-Imam Ali al-Rida","Zaydi","1","1","16","الباب الاول في الذكر ولما كانت هذه الاحاديث المسلسة كل راو يروي عن","الباب الاول في الذكر ولما كانت هذه الاحاديث المسلسة كل راو يروي عن","","وباسناده قال علي بن أبي طالب عليه السلام كنا مع النبي صلى الله عليه وآله في حفر الخندق إذ جاءت فاطمة عليها السلام ومعها كسيرة من خبز فدفعتها إلى النبي صلى الله عليه وآله، فقال صلى الله عليه وآله ما هذه الكسيرة، قالت قرص شعير خبزته للحسن والحسين جئتك منه بهذه الكسيرة، فقال صلى الله عليه وآله يا فاطمة اما انه اول طعام دخل في في ابيك منذ ثلاثة ايام. وباسناده قال: قال رسول الله صلى الله عليه وآله أتاني ملك فقال يا محمد ان الله عزوجل يقرئك السلام ويقول: قد زوجت فاطمة من علي فزوجها منه وأمرت شجرة طوبى ان تحمل الدر والمرجان واليواقيت وان أهل السماء قد فرحوا بذلك وسيولد لهما ولدان سيدا شباب أهل الجنة وبهما تزين أهل الجنة فابشر يا محمد فأنت خير الاولين والآخرين. وباسناده قال: حدثني أبي علي بن الحسين، قال حدثتني اسماء بنت عميس قالت: كنت عند جدتك فاطمة عليها السلام إذ دخل رسول الله صلى الله عليه وآله وفي عنقها قلادة من ذهب كان علي بن أبي طالب اشتراها لها من فئ له، فقال لها النبي صلى الله عليه وآله لا يغرنك الناس ان يقولوا بنت محمد وعليك لبس الجبابرة، فقطعتها فباعتها واشترت لها رقبة واعتقتها فسر النبي صلى الله عليه وآله بذلك. القسم الثالث في فضل الحسنين وولادتهما واهل البيت عليهم السلام عموما: وباسناده قال: قال رسول الله صلى الله عليه وآله سيدا شباب أهل الجنة الحسن والحسين وابوهما خير منهما. وباسناده قال: قال رسول الله صلى الله عليه وآله الولد ريحانة وريحانتاي الحسن والحسين. وباسناده قال: حدثني علي بن أبي طالب عليه السلام ان الحسن والحسين كانا يلعبان عند النبي صلى الله عليه وآله حتى مضى عامة الليل، ثم قال صلى الله عليه وآله انصرفا إلى امكما فبرقت برقة فما زالت تضئ لهما حتى دخلا على فاطمة والنبي صلى الله عليه وآله ينظر إلى البقرة، فقال الحمد لله الذي أكرمنا اهل البيت. وباسناده قال: قال رسول الله صلى الله عليه وآله النجوم أمان لاهل السماء وأهل بيتي واولادي أمان لامتي. وباسناده قال: قال رسول الله صلى الله عليه وآله حرمت الجنة على من ظلم أهل بيتي وقاتلهم والمعين عليهم ومن سبهم اولئك لا خلاق لهم في الآخرة ولا يكلمهم الله يوم القيامة ولا يزكيهم ولهم عذاب أليم. وباسناده قال: قال رسول الله صلى الله عليه وآله أربعة أنا شفيع لهم يوم القيامة المكرم لذريتي والقاضي لهم حوائجهم والساعي لهم في امورهم عندما اضطروا إليها والمحب لهم بقلبه ولسانه. وباسناده قال: قال رسول الله صلى الله عليه وآله إنا أهل بيت لا تحل لنا الصدقة وأمرنا باسباغ الوضوء وان لا ننزي حمارا على عتيقة.","","","","Zaydi","","","","","V01P463"
"rida_0017","17","Sahifat al-Imam Ali al-Rida","Zaydi","1","1","17","الباب الاول في الذكر ولما كانت هذه الاحاديث المسلسة كل راو يروي عن","الباب الاول في الذكر ولما كانت هذه الاحاديث المسلسة كل راو يروي عن","","وباسناده قال: قال رسول الله صلى الله عليه وآله من سب نبيا قتل ومن سب صاحب نبى جلد. وباسناده قال: قال رسول الله صلى الله عليه وآله مثل أهل بيتي فيكم كسفينة نوح من ركبها نجا ومن تخلف عنها زج في النار. وباسناده قال: قال رسول الله صلى الله عليه وآله الويل لظالمي أهل بيتى عذابهم مع المنافقين في الدرك الاسفل من النار. وباسناده قال: قال رسول الله صلى الله عليه وآله كأني قد دعيت فاجبت واني تارك فيكم الثقلين أحدهما أكبر من الآخر كتاب الله عزوجل حبل ممدود من السماء إلى الارض وعترتي أهل بيتي فانظروا كيف تخلفوني فيهما.","","","","Zaydi","","","","","V01P464"
"rida_0018","18","Sahifat al-Imam Ali al-Rida","Zaydi","1","1","18","الباب الاول في الذكر ولما كانت هذه الاحاديث المسلسة كل راو يروي عن","الباب الاول في الذكر ولما كانت هذه الاحاديث المسلسة كل راو يروي عن","","وباسناده قال: قال رسول الله صلى الله عليه وآله اشتد غضب الله وغضب رسول على من أهرق دم ذريتي أو أذاني في عترتي. وباسناده قال جعفر بن محمد عليهما السلام: السبت لنا والاحد لشيعتنا والاثنين لبني امية والثلاثاء لشيعتهم والاربعاء لبني العباس والخميس لشيعتهم والجمعة لله وليس فيه سفر، قال الله تعالى فإذا قضيت الصلاة فانتشروا في الارض وابتغوا من فضل الله يعني يوم السبت. وباسناده قال: حدثني أبو موسى بن جعفر قال: كان على خاتم محمد بن علي ظني بالله حسن وبالنبي المؤتمن وبالوصي ذي المنن وبالخيرين الحسين والحسن. وباسناده قال: قال علي بن الحسين عليهما السلام، سادات الناس في الدنيا الاسخياء وسادات الناس في الآخرة الاتقياء. وباسناده قال: قال علي بن الحسين عليه السلام، العافية ملك خفي.","","","","Zaydi","","","","","V01P465"
"rida_0019","19","Sahifat al-Imam Ali al-Rida","Zaydi","1","1","19","الباب الاول في الذكر ولما كانت هذه الاحاديث المسلسة كل راو يروي عن","الباب الاول في الذكر ولما كانت هذه الاحاديث المسلسة كل راو يروي عن","","وباسناده قال: قال علي بن أبي طالب، قال رسول الله صلى الله عليه وآله من اصطنع صنيعة إلى واحد من اولاد عبد المطلب ولم يجازه عليها فأنا اجازه غدا إذا لقيته يوم القيامة. وباسناده قال علي بن الحسين عليهما السلام ان النبي صلى الله عليه وآله اذن في اذن الحسن والحسين بالصلاة عليهما يوم ولدا. وباسناده قال: حدثني ابى علي بن الحسين عليهما السلام قال: حدثتني اسماء بنت عميس قالت: قبلت جدتك فاطمة بالحسن والحسين عليهما السلام، فلما ولد الحسن عليه السلام جاء النبي صلى الله عليه وآله فقال: يا أسماء هاتي ابني فدفعته إليه في خرقة صفراء فرمى بها النبي صلى الله عليه وآله فقال: يا اسماء ألم أعهد اليك انك لا تلقي المولود في خرقة صفراء فلفته في خرقة بيضاء فدفعته إليه فأذن في اذنه اليمنى وأقام في اذنه اليسرى ثم قال صلى الله عليه وآله بأي شئ سميت ابني هذا يا علي، قال عليه السلام ما كنت لاسبقك باسمه يا رسول الله وقد كنت احب ان اسميه حربا، فقال صلى الله عليه وآله اني لا اسبق باسمه ربي عزوجل، ثم هبط جبريل عليه السلام فقال يا محمد العلي الاعلى يقرئك السلام ويقول لك علي منك بمنزلة هرون من موسى ولا نبي بعدك فسم ابنك هذا باسم ابن هرون، فقال صلى الله عليه وآله وما اسم ابن هرون يا جبريل، فقال شبر، فقال صلى الله عليه وآله لساني عربي، فقال سمه الحسن، فقالت اسماء فسماه الحسن، فلما كان يوم سابعه عق عنه النبي صلى الله عليه وآله يكبشين املحين فأعطى القابلة فخذ كبش وحلق رأسه وتصدق بوزن الشعر ورقا وطلى رأسه بالخلوق 3) ثم قال يا اسماء الدم فعل الجاهلية فقالت اسماء فلما كان بعد حول من مولد الحسن عليه السلام ولد الحسين عليه السلام فجاء النبي صلى الله عليه وآله فقال يا اسماء هلمي ابني فدفعته إليه في خرقة بيضاء فأذن في اذنه اليمنى وأقام في اليسرى ووضعته في حجره فبكى، فقالت اسماء فداك أبي وامي مم بكاؤك، فقال صلى الله عليه وآله من ابني هذا قلت انه ولد الساعة، فقال صلى الله عليه وآله تقتله الفئة الباغية من بعدي لا أنالهم الله شفاعتي، ثم قال صلى الله عليه وآله لا تخبري فاطمة فانها حديثة عهد بولاده ثم قال صلى الله عليه وآله لعلي عليه السلام بأي شئ سميت ابني هذا، قال عليه السلام ما كنت لاسبقك باسمه يا رسول الله وقد كنت أحب ان اسميه حربا، فقال صلى الله عليه وآله ما كنت لاسبق باسمه ربي عزوجل فأتاه جبريل عليه السلام فقال الجبار يقرئك السلام ويقول سمه باسم ابن هارون، فقال صلى الله عليه وآله وما اسم ابن هارون، فقال شبير، فقال صلى الله عليه وآله لساني عربي فقال سمه الحسين فسماه ثم عق عنه النبي صلى الله عليه وآله يوم السابع بكبشين املحين وحلق رأسه وتصدق بوزن شعره ورقا وطلى رأسه بالخلوق، وقال الدم فعل الجاهلية وأعطى القابلة فخذ كبش .","","","","Zaydi","","","","","V01P468"
"rida_0020","20","Sahifat al-Imam Ali al-Rida","Zaydi","1","1","20","الباب الاول في الذكر ولما كانت هذه الاحاديث المسلسة كل راو يروي عن","الباب الاول في الذكر ولما كانت هذه الاحاديث المسلسة كل راو يروي عن","","وباسناده قال: حدثني أبي علي بن الحسين عليهما السلام انه سمى حسنا يوم سابعه واشتق من اسم الحسن الحسين وذكر انه لم يكن بينهما الا الحمل. وباسناده قال. حدثني أبي علي بن الحسين عليهما السلام ان علي بن الحسين دخل المستراح فوجد لقمة ملقاة فدفعها إلى غلام له وقال يا غلام ذكرني عن هذه اللقمة إذا خرجت فأكلها الغلام، فلما خرج الحسين عليه السلام قال يا غلام اين اللقمة، قال أكلتها يا مولاي، فقال الحسين عليه السلام انت حر لوجه الله تعالى، فقال له رجل اعتقته يا سيدي، قال نعم سمعت جدي رسول الله صلى الله عليه وآله وهو يقول من وجد لقمة ملقاة فمسح منها ما يمسح وغسل منها ما يغسل ثم أكلها لم تستقر في جوفه حتى يعتقه الله تعالى من النار ولم أكن لاستعبد رجلا أعتقه الله من النار. وباسناده قال: حدثني أبي علي بن الحسين عليهما السلام ان فاطمة عقت عن الحسن والحسين فأعطت القابلة فخذ شاة ودينارا. وباسناده قال علي بن أبي طالب عليه السلام كأني بالقصور وقد شيدت حول قبر الحسين وكأني بالاسواق وقد حفت حول قبره ولا تذهب الايام والليالي حتى يسار إليه من الآفاق وذلك عند انقطاع بني مروان. وباسناده قال: سئل جعفر بن محمد عليه السلام عن زيارة قبر الحسين عليه السلام، قال أخبرني أبي قال من زار قبر الحسين بن علي عارفا بحقه كتبه الله في أعلا عليين، ثم قال ان حول قبره لسبعين الف ملك شعثا غبرا يبكون عليه إلى ان تقوم الساعة. وباسناده قال: قال رسول الله صلى الله عليه وآله: ان قاتل الحسين في تابوت من النار عليه نصف عذاب اهل النار وقد تشد يداه ورجلاه بسلاسل من نار فينكس في النار حتى يقع في قعر جهنم وله ريح يتعوذ اهل النار إلى ربهم من شدة نتنه وهو فيها خالد ذائق العذاب الاليم كلما نضجت جلودهم بدل الله الجلود ليذوقوا العذاب الاليم، لا يفتر عنهم ساعة ويسقون من حميم جهنم، فالويل لهم من عذاب الله عزوجل.","","","","Zaydi","","","","","V01P470"
"rida_0021","21","Sahifat al-Imam Ali al-Rida","Zaydi","1","1","21","الباب الاول في الذكر ولما كانت هذه الاحاديث المسلسة كل راو يروي عن","الباب الاول في الذكر ولما كانت هذه الاحاديث المسلسة كل راو يروي عن","","وباسناده قال: حدثني أبو القاسم الطائي رحمه الله قال حدثني علي بن موسى الرضى عليه السلام قال حدثني أبي موسى بن جعفر قال حدثني ابى جعفر بن محمد قال حدثني أبي محمد بن علي قال حدثني أبي علي بن الحسين قال حدثني أبي الحسين بن علي قال حدثني أبي علي بن أبي طالب عليهم السلام جميعا قال: قال رسول الله صلى الله عليه وآله: ان موسى بن عمران رفع يديه وقال يا رب، ان أخي هارون قد مات فاغفر له، فأوحى الله تعالى إليه: يا موسى، لو سألتني في الاولين والآخرين لاجبتك ما خلا قاتل الحسين فاني لا أغفر له وأنتقم من قاتله. الباب الخامس في فضل المؤمن وحسن الخلق وفضل من اسمه محمد أو أحمد. وباسناده قال: قال رسول الله صلى الله عليه وآله: مثل المؤمن عند الله كمثل ملك مقرب وان المؤمن عند الله افضل من ملك مقرب وليس شئ أحب إلى الله من مؤمن تائب أو مؤمنة تائبة. وباسناده قال: قال رسول الله صلى الله عليه وآله ان المؤمن يعرف في السماء كما يعرف الرجل في اهله وولده وانه أكرم عند الله من ملك مقرب. وباسناده قال: قال رسول الله صلى الله عليه وآله أتاني جبريل عن ربه وهو يقول: ربي عزوجل يقرئك السلام ويقول يا محمد بشر المؤمنين الذين يعملون الصالحات ويؤمنون بك ويحبون اهل بيتك بالجنة فان لهم عندي جزاء الحسنى وسيدخلون الجنة. وباسناده قال: قال رسول الله صلى الله عليه وآله من عامل الناس ولم يظلمهم وحدثهم فلم يكذبهم ووعدهم فلم يخلفهم فهو مؤمن كملت مروءته وظهرت عدالته ووجبت محبته وحرمت غيبته.","","","","Zaydi","","","","","V01P472"
"rida_0022","22","Sahifat al-Imam Ali al-Rida","Zaydi","1","1","22","الباب الاول في الذكر ولما كانت هذه الاحاديث المسلسة كل راو يروي عن","الباب الاول في الذكر ولما كانت هذه الاحاديث المسلسة كل راو يروي عن","","وباسناده قال: قال رسول الله صلى الله عليه وآله من بهت مؤمنا أو مؤمنة أو قال فيه ما ليس فيه أقامه الله على تل من نار حتى يخرج مما قال فيه. وباسناده قال: قال رسول الله صلى الله عليه وآله من كرامة المؤمن على الله ان لا يجعل لاجله وقتا معلوما حتى يهم ببائقة فإذا أهم ببائقة قبضه الله رأفة به، قال الرضى عليه السلام كان جعفر بن محمد يقول تجنبوا البوائق يمد الله لكم في الاعمار. وباسناده قال: قال رسول الله صلى الله عليه وآله عليكم بحسن الخلق فان حسن الخلق في الجنة لا محالة. وباسناده قال: قال رسول الله صلى الله عليه وآله لو يعلم العبد ماله من حسن الخلق لعلم ما يحتاج الا ان يكون له حسن الخلق.","","","","Zaydi","","","","","V01P473"
"rida_0023","23","Sahifat al-Imam Ali al-Rida","Zaydi","1","1","23","الباب الاول في الذكر ولما كانت هذه الاحاديث المسلسة كل راو يروي عن","الباب الاول في الذكر ولما كانت هذه الاحاديث المسلسة كل راو يروي عن","","وباسناده قال: قال رسول الله صلى الله عليه وآله إذا كان يوم القيامة تجلى الله تعالى لعبده المؤمن فيوقفه على ذنوبه ذنبا ذنبا ثم يغفر الله له ولا يطلع الله على ذلك ملكا مقربا ولا نبيا مرسلا وستر عليه ما يكره ان يقف عليه أحد ثم يقول لسيآته كن حسنات. وباسناده قال: قال صلى الله عليه وآله من استذل مؤمنا أو مؤمنة أو حقره لفقره وقلة ذات يده شهره الله يوم القيامة ثم يفضحه. وباسناده قال: قال رسول الله صلى الله عليه وآله ان العبد ينال بحسن الخلق درجة الصائم القائم. وباسناده قال: قال رسول الله صلى الله عليه وآله ما من شئ أثقل في الميزان من حسن الخلق. وباسناده قال: قال رسول الله صلى الله عليه وآله الخلق السئ يفسد العمل كما يفسد الخل العسل.","","","","Zaydi","","","","","V01P474"
"rida_0024","24","Sahifat al-Imam Ali al-Rida","Zaydi","1","1","24","الباب الاول في الذكر ولما كانت هذه الاحاديث المسلسة كل راو يروي عن","الباب الاول في الذكر ولما كانت هذه الاحاديث المسلسة كل راو يروي عن","","وباسناده قال: حدثني علي بن أبي طالب عليه السلام من كنوز البراخفاء العمل والصبر على الرزايا وكتمان المصائب. وباسناده قال: حدثني على بن أبي طالب عليه السلام حسن الخلق خير قرين، وقال أكملكم ايمانا أحسنكم أخلاقا. وباسناده قال: قال رسول الله صلى الله عليه وآله عنوان صحيفة المسلم حسن الخلق. وباسناده عن امير المؤمنين عليه السلام قال: سئل رسول الله صلى الله عليه وآله ما أكثر ما يدخل الجنة قال تقوى الله وحسن الخلق، وسئل أكثر ما يدخل النار قال الاجوفان البطن والفرج. وباسناده قال: قال رسول الله صلى الله عليه وآله أقربكم مني مجلسا يوم القيامة أحسنكم خلقا وخيركم خيركم لاهله.","","","","Zaydi","","","","","V01P475"
"rida_0025","25","Sahifat al-Imam Ali al-Rida","Zaydi","1","1","25","الباب الاول في الذكر ولما كانت هذه الاحاديث المسلسة كل راو يروي عن","الباب الاول في الذكر ولما كانت هذه الاحاديث المسلسة كل راو يروي عن","","وباسناده قال: قال رسول الله صلى الله عليه وآله أحسن الناس ايمانا أحسنهم خلقا وألطفهم بأهله وأنا ألطفكم بأهلي. وباسناده قال: قال رسول الله صلى الله عليه وآله إذا سميتم الولد محمدا فأكرموه واوسعوا له المجلس ولا تقبحوا له وجها. وباسناده قال: قال رسول الله صلى الله عليه وآله ما من قوم كانت لهم مشورة فحضر معهم من اسمه محمدا أو احمدا فادخلوه في المشورة الاخير لهم. وباسناد قال: قال رسول الله صلى الله عليه وآله ما من مائدة وضعت فقعد عليها من اسمه محمدا أو احمد الا قدس الله ذلك المنزل في كل يوم مرتين. الباب السادس في ذكر الاطعمة والفواكه والادهان وباسناده قال: قال رسول الله صلى الله عليه وآله سيد طعام الدنيا والآخرة اللحم وسيد شراب الدنيا والآخرة الماء وأنا سيد ولد آدم ولا فخر والفقر فخري. وباسناده قال: قال رسول صلى الله عليه وآله سيد طعام الدنيا والآخرة اللحم والارز. وباسناده قال: قال رسول الله صلى الله عليه وآله إذا طبختم فاكثروا القرع فانه يشد قلب الحزين. وباسناده قال: حدثني أبي علي بن أبي طالب عليه السلام قال: عليكم بالقرع فانه يزيد في الدماغ. وباسناده قال: قال رسول الله صلى الله عليه وآله إذا أكلتم الثريد فكلوا من جوانبه فان الذروة فيها بركة. وباسناده قال: حدثني علي بن أبي طالب قال: قال رسول الله صلى الله عليه وآله من أراد البقاء ولا بقاء فليباكر بالغداء ويجيد الحذاء ويخفف الرداء ويقل غشيان النساء. وباسناده قال: كان رسول الله صلى الله عليه وآله إذا أكل طعاما قال: اللهم بارك لنا فيه وارزقنا خيرا منه وإذا شرب لبنا قال: اللهم بارك لنا فيه وارزقنا منه خيرا . وباسناده قال: كان رسول الله صلى الله عليه وآله إذا شرب لبنا مضمض فاه وقال ان له دسما.","","","","Zaydi","","","","","V01P478"
"rida_0026","26","Sahifat al-Imam Ali al-Rida","Zaydi","1","1","26","الباب الاول في الذكر ولما كانت هذه الاحاديث المسلسة كل راو يروي عن","الباب الاول في الذكر ولما كانت هذه الاحاديث المسلسة كل راو يروي عن","","وباسناده قال علي بن أبي طالب عليه السلام اوتي النبي صلى الله عليه وآله بطعام فأدخل اصبعه فإذا هو حار، فقال صلى الله عليه وآله دعوه حتى يبرد فانه أعظم بركة فان الله تعالى لم يطعمنا الحار. وباسناده قال: قال رسول الله صلى الله عليه وآله عليكم باللحم فانه ينبت اللحم ومن ترك اللحم اربعين يوما ساء خلقه. وباسناده قال: قال رسول الله صلى الله عليه وآله عليكم بالعدس فانه مبارك مقدس يرق القلب ويكثر الدمعة وانه قد بارك فيه سبعون نبيا آخرهم عيسى بن مريم عليهما السلام. وباسناده قال علي عليه السلام ذكر الشحم واللحم عند النبي صلى الله عليه وآله قال: ليس منهما بضعه تقع في المعدة الا نبتت مكانها شفاء وخرجت من مكانها داء. *","","","","Zaydi","","","","","V01P479"
"rida_0027","27","Sahifat al-Imam Ali al-Rida","Zaydi","1","1","27","الباب الاول في الذكر ولما كانت هذه الاحاديث المسلسة كل راو يروي عن","الباب الاول في الذكر ولما كانت هذه الاحاديث المسلسة كل راو يروي عن","","وباسناده قال علي عليه السلام من بدأ بالملح اذهب الله عنه سبعين داء اولها الجذام. وباسناده قال: قال رسول الله صلى الله عليه وآله عليكم بالملح فانه شفاء من سبعين داء منها الجذام والبرص والجنون. وباسناده قال: قال رسول الله صلى الله عليه وآله ليس شئ أبغض إلى الله من بطن ملآن. وباسناده قال: حدثني أبي علي بن أبي طالب عليه السلام، قال ابو جحيفة أتيت النبي صلى الله عليه وآله وأنا أتجشأ، فقال لي يا أبا جحيفة أكفف جشاك فان أكثر الناس شبعا في الدنيا أطولهم جوعا يوم القيامة، قال فما ملا أبو جحيفة بطنه من طعام حتى لقي الله تعالى.","","","","Zaydi","","","","","V01P480"
"rida_0028","28","Sahifat al-Imam Ali al-Rida","Zaydi","1","1","28","الباب الاول في الذكر ولما كانت هذه الاحاديث المسلسة كل راو يروي عن","الباب الاول في الذكر ولما كانت هذه الاحاديث المسلسة كل راو يروي عن","","وباسناده قال: قال رسول الله صلى الله عليه وآله لا تسترضعوا الحمقا ولا العمشا فان اللبن يتعدا. وباسناده قال: قال رسول الله صلى الله عليه وآله ليس للصبي لبن خير من لبن امه. وباسناده قال: قال رسول الله صلى الله عليه وآله الذي يسقط من المائدة مهور الحور العين. وباسناده قال: قال رسول الله صلى الله عليه وآله من يحسن النفقة فله حسنة. وباسناده قال: قال رسول الله صلى الله عليه وآله نعم الادام الخل ولم يفتقر أهل بيت عندهم الخل.","","","","Zaydi","","","","","V01P481"
"rida_0029","29","Sahifat al-Imam Ali al-Rida","Zaydi","1","1","29","الباب الاول في الذكر ولما كانت هذه الاحاديث المسلسة كل راو يروي عن","الباب الاول في الذكر ولما كانت هذه الاحاديث المسلسة كل راو يروي عن","","وباسناده قال: قال علي بن أبي طالب كلوا خل الخمر ما فسد ولا تأكلوا ما أفسدتموه أنتم. وباسنادة قال: قال رسول الله صلى الله عليه وآله كلوا التمر على الريق فانه يقتل الديدان في البطن. وباسناده قال: قال على بن أبي طالب عليه السلام قال: جاء جبريل عليه السلام إلى النبي صلى الله عليه وآله وقال: عليكم بالتمر البرني فانه خير تمركم يقرب من الله تعالى ويبعد من النار. وباسناده قال: قال علي بن أبي طالب عليه السلام كان النبي صلى الله عليه وآله إذا أكل التمر يطرح نواه على ظهر كفه ثم يقذف به. وباسناده قال: حدثني أبي الحسين بن علي عليهما السلام قال: كان امير المؤمنين عليه السلام يأمرنا إذا أكلنا ان لا نشرب الماء حتى نتمضمض ثلاثا. وباسناده قال علي بن أبي طالب رضي الله عنه كلوا الرمان بشحمه فانه دباغ المعدة. وباسناده قال علي بن الحسين عليهما السلام قال: كان عبد الله بن العباس إذا أكل الرمانة لا يشاركه فيها أحد ويقول في كل رمانة حب من حب الجنة. وباسناده قال: قال رسول الله صلى الله عليه وآله كلوا الرمان فليست حبة منه تقع في المعدة الا انارت القلب وأخرست الشيطان اربعين يوما.","","","","Zaydi","","","","","V01P483"
"rida_0030","30","Sahifat al-Imam Ali al-Rida","Zaydi","1","1","30","الباب الاول في الذكر ولما كانت هذه الاحاديث المسلسة كل راو يروي عن","الباب الاول في الذكر ولما كانت هذه الاحاديث المسلسة كل راو يروي عن","","وباسناده قال: قال رسول الله صلى الله عليه وآله كلوا العنب حبة فانه أمرأ وأهنا . وباسناده قال: قال رسول الله صلى الله عليه وآله عليكم بالزبيب فانه يكشف المرة ويذهب بالبلغم ويشد العصب ويحسن الخلق ويطيب النفس ويذهب الهم. وباسناده قال: قال رسول الله صلى الله عليه وآله ان يكن في شئ شفاء ففي شرطة الحجام أو شربة من عسل. وباسناده قال: قال رسول الله صلى الله عليه وآله لا تردوا شربة من عسل من أتاكم بها.","","","","Zaydi","","","","","V01P484"
"rida_0031","31","Sahifat al-Imam Ali al-Rida","Zaydi","1","1","31","الباب الاول في الذكر ولما كانت هذه الاحاديث المسلسة كل راو يروي عن","الباب الاول في الذكر ولما كانت هذه الاحاديث المسلسة كل راو يروي عن","","وباسناده قال: قال رسول الله صلى الله عليه وآله ضعفت عن الصلاة وعن الجماع فنزل علي قدر من السماء فأكلت منها فزاد في قوتي قوة اربعين رجلا في البطش والجماع. وباسناده قال: حدثني علي بن أبي طالب في قوله تعالى ثم لتسألن يومئذ عن النعيم، قال الرطب والماء البارد. وباسناده قال: حدثني علي بن أبي طالب قال: قال رسول الله صلى الله عليه وآله ثلاثة يزدن في الحفظ ويذهبن البلغم، قراءة القرآن والعسل واللبان. وباسناده قال: قال رسول الله صلى الله عليه وآله الطيب يشره والعسل يشره والنظر إلى الخضرة يشره والركوب يشره وفي نسخة بالسين المهملة في الكل من دون ها يسر من السرور. وباسناده قال: حدثني علي بن الحسين عليهم السلام قال: دعا رجل امير المؤمنين عليه السلام، فقال له علي عليلم قد أجبتك على ان تضمن لي ثلاث خصال، قال وماهي يا امير المؤمنين، قال لا تدخل على شئ من خارج ولا تدخر على شئ في البيت ولا تجحف بالعيال. وباسناده قال: كان امير المؤمنين عليه السلام يأكل البطيخ بالسكر. وباسناده قال: ان النبي صلى الله عليه وآله اتى ببطيخ ورطب فأكل منهما وقال هذان الاطيبان. وباسناده قال: حدثني علي بن الحسين عليهما السلام قال: دخل رسول الله صلى الله عليه وآله على علي بن أبي طالب وهو محموم فأمره ان يأكل الغبيرا . وباسناده قال: اختصم إلى علي بن أبي طالب عليه السلام رجلان أحدهما باع إلى الآخر بعيرا واستثنى الرأس والجلد ثم بدا له ان لا ينحره قال عليه السلام هو شريكك في البعير ما عدا الرأس والجلد. وباسناده قال: قال علي بن أبي طالب جاءني رسول الله صلى الله عليه وآله بالورد بكلتي يديه فلما أدنيته من أنفي قال صلى الله عليه وآله اما انه سيد ريحان الجنة بعد الآس. وباسناده قال: قال رسول الله صلى الله عليه وآله ادهنوا بالبنفسج فانه بارد في الصيف حار في الشتاء. وباسناده قال صلى الله عليه وآله يا علي، عليك بالزيت كله وادهن به فان من أكله وادهن به لم يقربه شيطان اربعين يوما. وباسناده قال: حدثني أبي جعفر عليه السلام قال: دعا أبي بدهن فقال ادهن، فقلت قد ادهنت، قال انه البنفسج، قلت وما فضل البنفسج، قال: حدثني أبي عن أبيه عن جده الحسين بن علي عن ابيه علي بن أبي طالب عليهما السلام قال: قال رسول الله صلى الله عليه وآله فضل البنفسج على الادهان كفضل الاسلام على سائر الاديان. الباب السابع في بر الوالدين وصلة الرحم وباسناده قال: حدثني أبو جعفر عليه السلام قال: أدنى العقوق أف ولو علم الله شيئا أهون من أف لنهى عنه. وباسناده قال أبو موسى بن جعفر قال: حدثني أبو عبد الله عليه السلام صلة الرحم وحسن الاخلاق زيادة في الايمان. وباسناده قال: قال رسول الله صلى الله عليه وآله من ضمن لي واحدة ضمنت له اربعا يصل رحمه فيحبه أهله ويوسع عليه في رزقه ويزاد في أجله ويدخله الله الجنة التي وعده وباسناده قال: حدثني محمد بن علي عليه السلام قال: صلة الارحام وحسن الجوار زيادة في الاموال. وباسناده قال علي بن أبي طالب سمعت رسول الله صلى الله عليه وآله يقول اني أخاف عليكم استخفافا بالدين وبيع الحكم وقطيعة الرحم وان تتخذوا القرآن مزامير تقدمون أحدكم وليس بافضلكم في الدين. الباب الثامن في التخدير من الغش والغيبة والنميمة. وباسناده قال: قال رسول الله صلى الله عليه وآله ليس منا من غش مسلما أو ضره أو ماكره. وباسناده قال: قال رسول الله صلى الله عليه وآله إياكم والظلم فانه يخرب قلوبكم. وباسناده قال: قال رسول الله صلى الله عليه وآله ان موسى بن عمران سأل ربه فرفع يديه فقال الهي اين ما ذهبت أوذيت فأوحى الله إليه يا موسى ان في عسكرك غمازا فقال يا رب دلني عليه فأوحى الله إليه اني أبغض الغماز فكيف أغمز. وباسناده قال: حدثني الحسين بن علي عليهما السلام قال: خطبنا امير المؤمنين صلوات الله عليه وقال سيأتي على الناس زمان عضوض يعض الموسر على ما في يده ولم يؤمر بذلك، قال الله تعالى ولا تنسوا الفضل بينكم ان الله بما تعملون بصير وسيأتي على الناس زمان يقدم الاشرار ويستذل الاخيار ويبايع المضطرون وقد نهى رسول الله صلى الله عليه وآله عن بيع الغرر وعن بيع الثمر قبل ان يدرك فاتقوا الله يا ايها الناس واصلحوا ذات بينكم واحفظوني في أهلي. وباسناده قال: قال علي بن الحسين عليه السلام من كف عن أعراض الناس أقال الله عثرته يوم القيامة. وباسناده قال: قال علي بن الحسين إياكم والغيبة فانها ادام كلاب اهل النار.","","","","Zaydi","","","","","V01P490"
"rida_0032","32","Sahifat al-Imam Ali al-Rida","Zaydi","1","1","32","الباب الاول في الذكر ولما كانت هذه الاحاديث المسلسة كل راو يروي عن","الباب الاول في الذكر ولما كانت هذه الاحاديث المسلسة كل راو يروي عن","","وباسناده قال: قال رسول الله صلى الله عليه وآله ان الله يبغض الرجل يدخل عليه الرجل في بيته فلا يقاتله. الباب التاسع في فضل الغزو والجهاد وباسناده قال: قال علي بن الحسين عليه السلام بينما امير المؤمنين عليه السلام يخطب الناس ويحضهم على الجهاد إذ قام إليه شاب فقال يا امير المؤمنين اخبرني عن فضل الغزاة في سبيل الله، فقال عليه السلام كنت رديف رسول الله صلى الله عليه وآله على ناقته العضباء ونحن مقفلون من غزوة ذات السلاسل فسألته عما سألتني عنه فقال: ان الغزاة إذا هموا بالغزو كتب الله لهم براءة من النار وإذا تجهزوا لغزوهم باهى الله بهم الملائكة فإذا ودعوهم أهلوهم بكت عليهم الحيطان والبيوت ويخرجون من ذنوبهم كما تخرج الحبة من سلخها ويوكل الله بكل واحد منهم اربعين الف ملك يحفظونه من بين يديه ومن خلفه وعن يمينه وعن شماله ولا يعمل حسنة الا ضعفت له ويكتب له كل يوم عبادة الف رجل يعبدون الله تعالى الف سنة كل سنة ثلاثمائة وستون يوما واليوم مثل عمر الدنيا وإذا صاروا بحضرة عدوهم انقطع علم أهل الدنيا عن ثواب الله اياهم فإذا برزوا لعدوهم وأشرعت الاسنة وفوقت السهام وتقدم الرجل إلى الرجل حفتهم الملائكة باجنحتها ويدعون لهم بالنصر والتثبيت فينادي مناد: الجنة تحت ظلال السيوف فتكون الطعنة والضربة على الشهيد أهون من شرب الماء البارد في اليوم الصائف وإذا زل الشهيد عن فرسه بطعنة أو ضربة لم يصل إلى الارض حتى يبعث الله عزوجل إليه زوجته من الحور العين فتبشره بما أعد الله له من الكرامة فإذا وصل إلى الارض تقول له الارض مرحبا بالروح الطيب التي خرجت من الجسد الطيب ابشر فان لك ما لا عين رأت ولا اذن سمعت ولا خطر على قلب بشر، ويقول الله تعالى انا خليفته في أهله ومن أرضاهم فقد أرضاني ومن أسخطهم فقد أسخطني ويجعل الله روحه في حواصل طير خضر تسرح في الجنة حيث شاءت تأكل من ثمارها وتأوي إلى قناديل من ذهب معلقة بالعرش ويعطى الرجل منهم سبعين غرفة ما بين صنعاء والشام يملا نورها ما بين الخافقين في كل غرفة سبعون بابا على كل باب سبعون مصراعا من ذهب على كل باب ستور مسبلة في كل غرفة سبعون خيمة في كل خيمة سبعون سريرا من ذهب قوائمها الدر والزبرجد موصولة بقضبان من زمرد على كل سرير اربعون فرشا غلظ كل فراش اربعون ذراعا في كل فراش زوجة من الحور العين عربا اترابا، فقال الشاب يا امير المؤمنين اخبرني عن العربة فقال هي الغنجة الرضية الشهية لها سبعونه الف وصيفة وسبعون الف وصيف صفر الحلى بيض الوجوه عليهم تيجان اللؤلؤ على رقابهم المناديل بايديهم الاكوبة والاباريق وإذا كان يوم القيامة يخرج من قبره شاهرا سيفه تشخب اوداجه دما، اللون لون الدم والرائحة رائحة المسك يخطر في عرصات القيامة فوالذي نفسي بيده لو كان الانبياء على طريقهم لترجلوا لهم لما يروا من بهائهم حتى يأتوا إلى موائد من الجواهر فيقعدون عليها ويشفع الرجل منهم في سبعين الفا من أهل بيته وجيرانه حتى ان الجارين يختصمان أيهما أقرب جوارا فيقعدون معي ومع إبراهيم على مائدة الخلد فينظرون إلى الله سبحانه وتعالى في كل يوم بكرة وعشية. الباب العاشر في أحاديث المتفرقة وباسناده قال: قال رسول الله صلى الله عليه وآله يقول الله تعالى يا ابن آدم اما تنصفني، أتحبب اليك بالنعم وتتمقت إلى بالمعاصي، خيري اليك منزل وشرك الي صاعد ولا يزال ملك كريم يأتيني عنك في كل يوم وليلة بعمل قبيح يا ابن آدم لو سمعت وصفك من غيرك وانت لا تدري من الموصوف لسارعت إلى مقته. وباسناده قال: قال رسول الله صلى الله عليه وآله يقول الله عزوجل يا ابن آدم لا يغرنك ذنب الناس عن ذنب نفسك ولا نعمة الناس عن نعمة الله عليك ولا تقنط الناس من رحمة الله عليهم وانت ترجوها لنفسك. وباسناده قال: قال رسول الله صلى الله عليه وآله ثلاث أخافهن على أمتي بعدي الضلالة بعد المعرفة، ومضلات الفتن، وشهوة البطن والفرج. وباسناده قال: قال رسول الله صلى الله عليه وآله من سب نبيا قتل ومن سب صاحب نبي جلد. وباسناده قال: قال رسول الله صلى الله عليه وآله في قوله تعالى يوم ندعو كل أناس بامامهم، قال يدعى كل قوم امام زمانهم وكتاب ربهم وسنة نبيهم. وباسناده قال: قال رسول الله صلى الله عليه وآله ان الله يحاسب كل خلق الا من أشرك بالله فانه لا يحاسب ويؤمر به إلى النار. وباسناده قال: قال رسول الله صلى الله عليه وآله اختنوا اولادكم يوم السابع فانه أطهر وأسرع نباتا للحم. وباسناده قال: قال رسول الله صلى الله عليه وآله المغبون لا محمود ولا مأجور. وباسناده قال: قال رسول الله صلى الله عليه وآله اصطنع المعروف إلى أهله والى من ليس بأهله، فان تصب اهله فهو له اهل، وان لم تصب اهله فأنت من اهله. وباسناده قال: قال رسول الله صلى الله عليه وآله رأس العقل بعد الدين التودد إلى الناس واصطناع الخير إلى كل بر وفاجر.","","","","Zaydi","","","","","V01P495"
"rida_0033","33","Sahifat al-Imam Ali al-Rida","Zaydi","1","1","33","الباب الاول في الذكر ولما كانت هذه الاحاديث المسلسة كل راو يروي عن","الباب الاول في الذكر ولما كانت هذه الاحاديث المسلسة كل راو يروي عن","","وباسناده قال: قال رسول الله صلى الله عليه وآله أفضل اعمال أمتي انتظار فرج الله. وباسناده قال: قال رسول الله صلى الله عليه وآله ان أفواهكم طرق من طرق ربكم فنظفوها. وباسناده قال: قال رسول الله صلى الله عليه وآله من صام يوم الجمعة صبرا واحتسابا أعطي أجر عشرة ايام غر زهر لا تشابههن ايام الدنيا. وباسناده قال: قال رسول الله صلى الله عليه وآله ان الله قدر المقادير ودبر التدابير قبل ان يخلق آدم بألفي عام.","","","","Zaydi","","","","","V01P496"
"rida_0034","34","Sahifat al-Imam Ali al-Rida","Zaydi","1","1","34","الباب الاول في الذكر ولما كانت هذه الاحاديث المسلسة كل راو يروي عن","الباب الاول في الذكر ولما كانت هذه الاحاديث المسلسة كل راو يروي عن","","وباسناده قال: قال رسول الله صلى الله عليه وآله ان موسى سأل ربه عزوجل فقال: يا رب اجعلني من أمة محمد. فأوحى الله إليه أن يا موسى انك لن تصل إلى ذلك. وباسناده قال: قال رسول الله صلى الله عليه وآله لما أسري بي إلى السماء رأيت في السماء الثالثة رجلا قاعدا له رجل في المشرق وله رجل في المغرب أو بيده لوح ينظر فيه ويحرك رأسه، فقلت يا جبريل من هذا؟ فقال: هذا ملك الموت. وباسناده قال: قال رسول الله صلى الله عليه وآله هل تدرون ما تفسير قوله تعالى: كلا إذا دكت الارض دكا دكا وجاء ربك والملك صفا صفا وجئ يومئذ بجهنم. الآية. قال إذا كان يوم القيامة تقاد جهنم بسبعين الف زمام بيد سبعين الف ملك فتشرد شردة لولا ان الله حبسها لاخرقت السموات والارض. وباسناده قال: قال رسول الله صلى الله عليه وآله ان الله سخر لي البراق وهي دابة من دواب الجنة ليست بالطويل ولا بالقصير، فلو ان الله أذن لها لجالت الدنيا في جرية واحدة وهي أحسن الدواب لونا. وباسناده قال: قال رسول الله صلى الله عليه وآله إذا كان يوم القيامة يقول الله عزوجل لملك الموت: وعزتي وجلالي وارتفاعي في علوي لاذيقك طعم الموت كما أذقته عبادي. وباسناده قال: قال رسول الله صلى الله عليه وآله اختاروا الجنة على النار ولا تبطلوا أعمالكم فتقذفوا في النار منكسين خالدين فيها أبدا. وباسناده قال: قال رسول الله صلى الله عليه وآله تختموا بالعقيق فانه لا يصيب أحدكم غم مادام ذلك عليه. وباسناده قال: قال رسول الله صلى الله عليه وآله ما ينقلب جناح طائر في الهوا الا وعندنا فيه علم. وباسناده قال: قال رسول الله صلى الله عليه وآله ان الله غافر كل ذنب الا من أخر مهرا أو اغتصب أجيرا أو باع رجلا حرا. وباسناده قال: قال علي عليه السلام كان رسول الله صلى الله عليه وآله يسافر يوم الاثنين والخميس ويقول فيهما ترفع الاعمال إلى الله تعالى وتعقد فيهما الالوية. وباسناده قال: قال رسول الله صلى الله عليه وآله لا اعتكاف الا بالصوم. وباسناده قال: حدثني علي بن أبي طالب ثلاث لا يعرض احدكم نفسه عليهن وهو صائم: الحجامة والحمام والمرأة الحسناء. وباسناده قال: حدثني علي بن أبي طالب صلوات الله عليه: للمرأة عشر عورات، إذا تزوجت استترت عورة وإذا ماتت استترت عواراتها كلها وباسناده قال حدثني علي بن أبي طالب عليه السلام: سئل النبي صلى الله عليه وآله عن امرأة زنت فذكرت المرأة انها بكر فأمرني ان آمر النساء ينظرن إليها فنظرن إليها فوجدنها بكرا، فقال صلى الله عليه وآله ما كنت لاضرب من عليه خاتم الله عزوجل. وكان صلى الله عليه وآله يجيز شهادة النساء في مثل هذا وباسناده قال: حدثني علي بن أبي طالب عليه السلام إذا سئلت المرأة من فجر بك فقالت فلان جلدتها حدين، حدا لفريتها على الرجل وحدا لما اقرت على نفسها بالفجور. وباسناده قال: قال علي بن أبي طالب عليه السلام ليس في التوراة كما في القرآن يا ايها الذين آمنوا، بل في التوراة يا ايها المساكين. وباسناده قال: حدثني أبي علي بن أبي طالب عليه السلام لو رأى العبد أجله وسرعته لابغض الامل وطلبة الدنيا. وباسناده قال: حدثني أبي علي بن أبي طالب عليه السلام قال: من عرض نفسه للتهمة فلا يلومن من أساء به الظن. وباسناده قال: قال علي بن أبي طالب عليه السلام: الحنا بعد النورة أمان من الجذام والبرص. وباسناده قال علي بن أبي طالب عليه السلام: قال الطاعون ميتة وحية . وباسناده قال علي عليه السلام: لا دين لمن دان لمخلوق في معصية الخالق. وباسناده قال: حدثني الحسين بن علي عليه السلام ان أعمال هذه الامة ما من صباح الا تعرض على الله عزوجل. وباسناده قال: حدثني أبي علي بن أبي طالب عليه السلام في قوله تعالى أكالون للسحت قال هو الرجل يقضي لاخيه الحاجة ثم يقبل هديته.","","","","Zaydi","","","","","V01P501"
"rida_0035","35","Sahifat al-Imam Ali al-Rida","Zaydi","1","1","35","الباب الاول في الذكر ولما كانت هذه الاحاديث المسلسة كل راو يروي عن","الباب الاول في الذكر ولما كانت هذه الاحاديث المسلسة كل راو يروي عن","","وباسناده قال: حدثني أبي علي بن أبي طالب عليه السلام في قوله تعالى لولا أن رأى برهان ربه. قال: قامت امرأة العزيز على صنم لها فسترته فقالت انه يرانا، فقال لها يوسف عليه السلام ما هذا؟ قالت أستحي من الصنم ان يراني، فقال لها يوسف عليه السلام أتستحيي ممن لا يسمع ولا يبصر ولا ينفع ولا يضر ولا تستحيي ممن خلق الاشياء وعلم بها؟! فذلك قوله تعالى برهان ربه. وباسناده قال: كان علي بن أبي طالب إذا رأى المريض قد برئ قال يهنيك الطهور من الذنوب. وباسناده قال: حدثني أبي علي بن الحسين عليه السلام قال أخذنا ثلاثة من ثلاثة: الصبر عن أيوب والشكر عن نوح والحسد عن بني يعقوب. وباسناده قال امير المؤمنين عليه السلام: لا تجد في اربعين اصلعا رجل سوء ولا تجد في اربعين كوسجا رجلا صالحا، وأصلع سوء أحب إلى من كوسج صالح. وباسناده قال: سئل محمد بن علي بن الحسين عليه السلام لم أوتم النبي صلى الله عليه وآله من أبويه، قال لئلا يوجد عليه حق لمخلوق. وباسناده قال: حدثني أبي الحسين بن علي عليه السلام قال كنا أنا وأخي الحسن وأخي محمد بن الحنفية وبنو عمي عبد الله بن العباس وقثم والفضل على مائدة فوقعت جرادة على المائدة فأخذها عبد الله بن العباس فقال للحسن: تعلم يا سيدي ما المكتوب على جناح الجرادة، قال عليه السلام سألت أبي امير المؤمنين علي بن أبي طالب، فقال سألت جدك رسول الله صلى الله عليه وآله فقال لي: على جناح الجرادة مكتوب أنا الله لا إله الا أنا رب الجرادة ورازقها، إذا شئت بعثتها لقوم رزقا وإذا شئت بعثتها على قوم بلاء. فقام عبد الله بن العباس فقرب من الحسن بن علي ثم قال: هذا والله من مكنون العلم. وباسناده قال: قال علي بن أبي طالب ان لابليس لعنه الله كحلا وسفوفا ولعوقا، فأما كحله فالنوم، وأما سفوفه فالغصب، وأما لعوقه فالكذب. والى هنا انتهى كلام مولانا علي بن موسى الرضى سلام الله عليه وعلى آبائه الطاهرين، ولا حول ولا قوة الا بالله العلي العظيم، وصلى الله وسلم على سيدنا محمد وآله وصحبه أجمعين إلى يوم الدين. وجد في الاصل ما لفظه نقل من كتب المنتقى من أحاديث الانتقاء والافتخار لابن أبي الصيف اليمني، وقدر الكتاب في الاحاديث كأحاديث هذه الصحيفة وهو كتاب جليل نقل ما لفظه قال: قال رسول الله صلى الله عليه وآله: أكثروا من تقبيل أولادكم فان لكم في كل قبلة درجة في الجنة بين الدرجتين خمسمائة عام حتى ان الملائكة لتحصي فتكتب لكم ما قبلتم، تزوجوا ولا تطلقوا فان الطلاق يهز العرش. صلاة من متزوج خير من اربعين صلاة من عزب. وركعتان من متختم افضل من سبعين ركعة بغير خاتم صفيق الرياح وقطر الامطار على قبر المؤمن كفارة لذنوبه. علقوا السقوط في البيت كي يهرب منه الخادم واهل البيت فانه أدب لهم. عرامة الصبي في صغره زيادة في عقله إذا كبر، والعرامة كثرة اللعب وهي ايضا قلة الحياء، من طول شاربه لم يستجب الله دعاءه. واكثر هذا الكتاب مشتمل على فضل العلم وفضل العالم والمتعلم نقل منه المراد. ذكاة أمه، وذهبت العترة وأبو حنيفة إلى تحريم الجنين إذا خرج ميتا وأنها لا تغني تذكية الإمام عن تذكيته محتجين بعموم قوله تعالى حرمت عليكم الميتة وهو من ترجيح العام على الخاص وقد تقرر في الأصول بطلانه، ولكنهم اعتذروا عن الحديث بما لا يغني شيئا فقالوا: المراد ذكاة الجنين كذكاة أمه ورد بأنه لو كان المعنى على ذلك لكان منصوبا بنزع الخافض والرواية بالرفع، ويؤيده انه روي بلفظ ذكاة الجنين في ذكاة امه اي كائنة أو حاصلة في ذكاة أمه وروي ذكاة الجنين بذكاة أمه والباء للسببية. وظاهر الحديث انه يحل بذكاة الأم الجنين مطلقا سواء خرج حيا أو ميتا فالتفصيل ليس عليه دليل. قال في التلخيص قال ابن المنذر: انه لم يرد عن احد من الصحابة ولا من العلماء ان الجنين لا يؤكل إلا باستئناف الذكاة فيه إلا ما روي عن أبي حنيفة اه.","","","","Zaydi","","","","","V01P505"
